auto-profile;reading;position [um];date;time;H2S;Oxygen;pH;Redox
1;1;-55500;09.11.2018;11:27:19;-4.61E-01;4.45E-02;-1.24E-02;-2.41E-01
1;2;-55000;09.11.2018;11:27:32;-3.80E-01;3.93E-02;-1.22E-02;-2.40E-01
1;3;-54500;09.11.2018;11:27:44;-3.42E-01;3.70E-02;-1.21E-02;-2.39E-01
1;4;-54000;09.11.2018;11:27:56;-3.37E-01;3.48E-02;-1.19E-02;-2.30E-01
1;5;-53500;09.11.2018;11:28:08;-3.35E-01;3.40E-02;-1.17E-02;-2.30E-01
1;6;-53000;09.11.2018;11:28:19;-3.39E-01;3.44E-02;-1.15E-02;-2.30E-01
1;7;-52500;09.11.2018;11:28:31;-3.39E-01;3.55E-02;-1.14E-02;-2.29E-01
1;8;-52000;09.11.2018;11:28:43;-3.41E-01;3.62E-02;-1.12E-02;-2.28E-01
1;9;-51500;09.11.2018;11:28:55;-3.38E-01;3.57E-02;-1.11E-02;-2.28E-01
1;10;-51000;09.11.2018;11:29:07;-3.44E-01;3.52E-02;-1.09E-02;-2.27E-01
1;11;-50500;09.11.2018;11:29:19;-3.40E-01;3.55E-02;-1.08E-02;-2.26E-01
1;12;-50000;09.11.2018;11:29:31;-3.51E-01;3.57E-02;-1.06E-02;-2.25E-01
1;13;-49500;09.11.2018;11:29:43;-3.58E-01;3.64E-02;-1.05E-02;-2.24E-01
1;14;-49000;09.11.2018;11:29:55;-3.63E-01;3.66E-02;-1.03E-02;-2.23E-01
1;15;-48500;09.11.2018;11:30:07;-3.56E-01;3.69E-02;-1.02E-02;-2.22E-01
1;16;-48000;09.11.2018;11:30:19;-3.70E-01;3.72E-02;-1.01E-02;-2.21E-01
1;17;-47500;09.11.2018;11:30:31;-3.78E-01;3.69E-02;-1.00E-02;-2.20E-01
1;18;-47000;09.11.2018;11:30:43;-3.58E-01;3.56E-02;-9.88E-03;-2.19E-01
1;19;-46500;09.11.2018;11:30:54;-3.61E-01;3.38E-02;-9.77E-03;-2.18E-01
1;20;-46000;09.11.2018;11:31:06;-3.60E-01;3.19E-02;-9.66E-03;-2.17E-01
1;21;-45500;09.11.2018;11:31:18;-3.53E-01;3.05E-02;-9.57E-03;-2.15E-01
1;22;-45000;09.11.2018;11:31:30;-3.58E-01;2.98E-02;-9.45E-03;-2.13E-01
1;23;-44500;09.11.2018;11:31:42;-3.64E-01;2.96E-02;-9.36E-03;-2.12E-01
1;24;-44000;09.11.2018;11:31:54;-3.57E-01;3.04E-02;-9.26E-03;-2.10E-01
1;25;-43500;09.11.2018;11:32:06;-3.61E-01;3.10E-02;-9.16E-03;-2.09E-01
1;26;-43000;09.11.2018;11:32:18;-3.67E-01;3.05E-02;-9.00E-03;-2.08E-01
1;27;-42500;09.11.2018;11:32:30;-3.69E-01;3.02E-02;-8.79E-03;-2.08E-01
1;28;-42000;09.11.2018;11:32:42;-3.70E-01;3.09E-02;-8.61E-03;-2.07E-01
1;29;-41500;09.11.2018;11:32:54;-3.63E-01;3.12E-02;-8.46E-03;-2.06E-01
1;30;-41000;09.11.2018;11:33:06;-3.65E-01;3.11E-02;-8.31E-03;-2.05E-01
1;31;-40500;09.11.2018;11:33:18;-3.64E-01;3.00E-02;-8.17E-03;-2.05E-01
1;32;-40000;09.11.2018;11:33:29;-3.65E-01;2.78E-02;-8.04E-03;-2.04E-01
1;33;-39500;09.11.2018;11:33:41;-3.69E-01;2.67E-02;-7.92E-03;-2.03E-01
1;34;-39000;09.11.2018;11:33:53;-3.68E-01;2.67E-02;-7.79E-03;-2.02E-01
1;35;-38500;09.11.2018;11:34:05;-3.69E-01;2.76E-02;-7.68E-03;-2.01E-01
1;36;-38000;09.11.2018;11:34:17;-3.69E-01;2.84E-02;-7.56E-03;-2.01E-01
1;37;-37500;09.11.2018;11:34:29;-3.72E-01;2.87E-02;-7.43E-03;-2.00E-01
1;38;-37000;09.11.2018;11:34:41;-3.73E-01;2.90E-02;-7.33E-03;-2.00E-01
1;39;-36500;09.11.2018;11:34:53;-3.71E-01;2.88E-02;-7.22E-03;-1.99E-01
1;40;-36000;09.11.2018;11:35:05;-3.74E-01;2.84E-02;-7.14E-03;-1.98E-01
1;41;-35500;09.11.2018;11:35:17;-3.72E-01;2.87E-02;-7.06E-03;-1.98E-01
1;42;-35000;09.11.2018;11:35:29;-3.70E-01;2.91E-02;-7.00E-03;-1.97E-01
1;43;-34500;09.11.2018;11:35:41;-3.72E-01;2.89E-02;-6.94E-03;-1.96E-01
1;44;-34000;09.11.2018;11:35:53;-3.69E-01;2.80E-02;-6.89E-03;-1.96E-01
1;45;-33500;09.11.2018;11:36:04;-3.72E-01;2.72E-02;-6.81E-03;-1.95E-01
1;46;-33000;09.11.2018;11:36:16;-3.66E-01;2.77E-02;-6.73E-03;-1.94E-01
1;47;-32500;09.11.2018;11:36:28;-3.70E-01;2.87E-02;-6.67E-03;-1.94E-01
1;48;-32000;09.11.2018;11:36:40;-3.65E-01;2.99E-02;-6.65E-03;-1.93E-01
1;49;-31500;09.11.2018;11:36:52;-3.65E-01;3.00E-02;-6.65E-03;-1.92E-01
1;50;-31000;09.11.2018;11:37:04;-3.65E-01;2.94E-02;-6.66E-03;-1.92E-01
1;51;-30500;09.11.2018;11:37:16;-3.58E-01;2.92E-02;-6.63E-03;-1.91E-01
1;52;-30000;09.11.2018;11:37:28;-3.54E-01;2.91E-02;-6.63E-03;-1.90E-01
1;53;-29500;09.11.2018;11:37:40;-3.46E-01;2.89E-02;-6.61E-03;-1.90E-01
1;54;-29000;09.11.2018;11:37:52;-3.48E-01;2.86E-02;-6.59E-03;-1.89E-01
1;55;-28500;09.11.2018;11:38:04;-3.43E-01;2.88E-02;-6.60E-03;-1.88E-01
1;56;-28000;09.11.2018;11:38:16;-3.42E-01;2.91E-02;-6.54E-03;-1.88E-01
1;57;-27500;09.11.2018;11:38:28;-3.40E-01;2.94E-02;-6.52E-03;-1.87E-01
1;58;-27000;09.11.2018;11:38:39;-3.41E-01;2.96E-02;-6.52E-03;-1.87E-01
1;59;-26500;09.11.2018;11:38:51;-3.42E-01;2.98E-02;-6.46E-03;-1.86E-01
1;60;-26000;09.11.2018;11:39:03;-3.43E-01;2.97E-02;-6.45E-03;-1.86E-01
1;61;-25500;09.11.2018;11:39:15;-3.42E-01;2.96E-02;-6.45E-03;-1.85E-01
1;62;-25000;09.11.2018;11:39:27;-3.40E-01;2.95E-02;-6.44E-03;-1.85E-01
1;63;-24500;09.11.2018;11:39:39;-3.38E-01;2.97E-02;-6.41E-03;-1.84E-01
1;64;-24000;09.11.2018;11:39:51;-3.42E-01;3.06E-02;-6.41E-03;-1.84E-01
1;65;-23500;09.11.2018;11:40:03;-3.33E-01;3.14E-02;-6.41E-03;-1.84E-01
1;66;-23000;09.11.2018;11:40:15;-3.35E-01;3.16E-02;-6.42E-03;-1.83E-01
1;67;-22500;09.11.2018;11:40:27;-3.36E-01;3.15E-02;-6.43E-03;-1.83E-01
1;68;-22000;09.11.2018;11:40:39;-3.34E-01;3.14E-02;-6.43E-03;-1.83E-01
1;69;-21500;09.11.2018;11:40:51;-3.28E-01;3.15E-02;-6.44E-03;-1.82E-01
1;70;-21000;09.11.2018;11:41:02;-3.29E-01;3.15E-02;-6.47E-03;-1.82E-01
1;71;-20500;09.11.2018;11:41:14;-3.28E-01;3.15E-02;-6.47E-03;-1.82E-01
1;72;-20000;09.11.2018;11:41:26;-3.25E-01;3.13E-02;-6.50E-03;-1.81E-01
1;73;-19500;09.11.2018;11:41:38;-3.26E-01;3.10E-02;-6.51E-03;-1.81E-01
1;74;-19000;09.11.2018;11:41:50;-3.25E-01;3.06E-02;-6.49E-03;-1.81E-01
1;75;-18500;09.11.2018;11:42:02;-3.25E-01;3.04E-02;-6.52E-03;-1.81E-01
1;76;-18000;09.11.2018;11:42:14;-3.26E-01;3.04E-02;-6.54E-03;-1.80E-01
1;77;-17500;09.11.2018;11:42:26;-3.24E-01;3.07E-02;-6.59E-03;-1.80E-01
1;78;-17000;09.11.2018;11:42:38;-3.27E-01;3.11E-02;-6.64E-03;-1.80E-01
1;79;-16500;09.11.2018;11:42:50;-3.21E-01;3.00E-02;-6.67E-03;-1.79E-01
1;80;-16000;09.11.2018;11:43:02;-3.20E-01;2.62E-02;-6.75E-03;-1.79E-01
1;81;-15500;09.11.2018;11:43:14;-3.22E-01;3.20E-02;-6.78E-03;-1.79E-01
1;82;-15000;09.11.2018;11:43:26;-3.24E-01;2.58E-02;-6.94E-03;-1.78E-01
1;83;-14500;09.11.2018;11:43:37;-3.25E-01;2.57E-02;-7.10E-03;-1.78E-01
1;84;-14000;09.11.2018;11:43:49;-3.19E-01;2.78E-02;-7.28E-03;-1.77E-01
1;85;-13500;09.11.2018;11:44:01;-3.16E-01;2.87E-02;-7.44E-03;-1.77E-01
1;86;-13000;09.11.2018;11:44:13;-3.15E-01;2.93E-02;-7.72E-03;-1.76E-01
1;87;-12500;09.11.2018;11:44:25;-3.22E-01;2.89E-02;-7.99E-03;-1.76E-01
1;88;-12000;09.11.2018;11:44:37;-3.24E-01;2.79E-02;-8.23E-03;-1.75E-01
1;89;-11500;09.11.2018;11:44:49;-3.23E-01;2.71E-02;-8.46E-03;-1.75E-01
1;90;-11000;09.11.2018;11:45:01;-3.19E-01;2.67E-02;-8.68E-03;-1.74E-01
1;91;-10500;09.11.2018;11:45:13;-3.19E-01;2.64E-02;-8.86E-03;-1.74E-01
1;92;-10000;09.11.2018;11:45:25;-3.09E-01;2.67E-02;-9.05E-03;-1.74E-01
1;93;-9500;09.11.2018;11:45:37;-3.11E-01;2.72E-02;-9.23E-03;-1.73E-01
1;94;-9000;09.11.2018;11:45:49;-3.07E-01;2.77E-02;-9.38E-03;-1.73E-01
1;95;-8500;09.11.2018;11:46:00;-3.03E-01;2.87E-02;-9.52E-03;-1.72E-01
1;96;-8000;09.11.2018;11:46:12;-3.00E-01;2.91E-02;-9.67E-03;-1.72E-01
1;97;-7500;09.11.2018;11:46:24;-2.98E-01;2.91E-02;-9.79E-03;-1.72E-01
1;98;-7000;09.11.2018;11:46:36;-2.95E-01;2.89E-02;-9.88E-03;-1.71E-01
1;99;-6500;09.11.2018;11:46:48;-2.91E-01;2.90E-02;-9.98E-03;-1.71E-01
1;100;-6000;09.11.2018;11:47:00;-2.95E-01;2.91E-02;-1.01E-02;-1.70E-01
1;101;-5500;09.11.2018;11:47:12;-2.92E-01;2.92E-02;-1.02E-02;-1.70E-01
1;102;-5000;09.11.2018;11:47:24;-2.92E-01;2.93E-02;-1.03E-02;-1.70E-01
1;103;-4500;09.11.2018;11:47:36;-2.93E-01;2.87E-02;-1.04E-02;-1.70E-01
1;104;-4400;09.11.2018;11:47:48;-2.90E-01;2.78E-02;-1.04E-02;-1.69E-01
1;105;-4300;09.11.2018;11:48:00;-2.90E-01;2.68E-02;-1.05E-02;-1.69E-01
1;106;-4199;09.11.2018;11:48:12;-2.91E-01;2.56E-02;-1.06E-02;-1.69E-01
1;107;-4099;09.11.2018;11:48:24;-2.92E-01;2.43E-02;-1.07E-02;-1.68E-01
1;108;-4000;09.11.2018;11:48:35;-2.90E-01;2.27E-02;-1.08E-02;-1.68E-01
1;109;-3900;09.11.2018;11:48:47;-2.90E-01;2.08E-02;-1.09E-02;-1.68E-01
1;110;-3799;09.11.2018;11:48:59;-2.89E-01;1.89E-02;-1.10E-02;-1.67E-01
1;111;-3700;09.11.2018;11:49:11;-2.89E-01;1.70E-02;-1.10E-02;-1.67E-01
1;112;-3599;09.11.2018;11:49:23;-2.90E-01;1.50E-02;-1.11E-02;-1.67E-01
1;113;-3500;09.11.2018;11:49:35;-2.94E-01;1.31E-02;-1.11E-02;-1.67E-01
1;114;-3400;09.11.2018;11:49:47;-2.93E-01;1.17E-02;-1.12E-02;-1.66E-01
1;115;-3299;09.11.2018;11:49:59;-2.92E-01;1.00E-02;-1.12E-02;-1.66E-01
1;116;-3200;09.11.2018;11:50:11;-2.95E-01;8.62E-03;-1.13E-02;-1.66E-01
1;117;-3099;09.11.2018;11:50:23;-2.93E-01;7.08E-03;-1.13E-02;-1.66E-01
1;118;-3000;09.11.2018;11:50:35;-2.97E-01;5.50E-03;-1.14E-02;-1.65E-01
1;119;-2900;09.11.2018;11:50:47;-2.95E-01;4.22E-03;-1.14E-02;-1.65E-01
1;120;-2799;09.11.2018;11:50:59;-2.95E-01;3.08E-03;-1.14E-02;-1.65E-01
1;121;-2700;09.11.2018;11:51:10;-2.94E-01;2.09E-03;-1.15E-02;-1.65E-01
1;122;-2599;09.11.2018;11:51:22;-2.93E-01;1.24E-03;-1.16E-02;-1.65E-01
1;123;-2500;09.11.2018;11:51:34;-2.89E-01;4.80E-04;-1.16E-02;-1.65E-01
1;124;-2400;09.11.2018;11:51:46;-2.93E-01;1.51E-04;-1.16E-02;-1.64E-01
1;125;-2299;09.11.2018;11:51:58;-2.93E-01;-8.41E-05;-1.17E-02;-1.64E-01
1;126;-2200;09.11.2018;11:52:10;-2.93E-01;-2.87E-04;-1.17E-02;-1.64E-01
1;127;-2099;09.11.2018;11:52:22;-2.89E-01;-3.59E-04;-1.18E-02;-1.64E-01
1;128;-2000;09.11.2018;11:52:34;-2.92E-01;-4.28E-04;-1.18E-02;-1.64E-01
1;129;-1899;09.11.2018;11:52:46;-2.94E-01;-4.94E-04;-1.19E-02;-1.64E-01
1;130;-1799;09.11.2018;11:52:58;-2.89E-01;-5.46E-04;-1.19E-02;-1.63E-01
1;131;-1700;09.11.2018;11:53:10;-2.87E-01;-5.83E-04;-1.19E-02;-1.63E-01
1;132;-1600;09.11.2018;11:53:22;-2.87E-01;-5.73E-04;-1.20E-02;-1.63E-01
1;133;-1500;09.11.2018;11:53:34;-2.96E-01;-6.32E-04;-1.20E-02;-1.63E-01
1;134;-1399;09.11.2018;11:53:45;-2.89E-01;-6.25E-04;-1.20E-02;-1.62E-01
1;135;-1299;09.11.2018;11:53:57;-2.91E-01;-6.56E-04;-1.20E-02;-1.62E-01
1;136;-1200;09.11.2018;11:54:09;-2.90E-01;-6.56E-04;-1.21E-02;-1.62E-01
1;137;-1100;09.11.2018;11:54:21;-2.89E-01;-6.65E-04;-1.21E-02;-1.61E-01
1;138;-1000;09.11.2018;11:54:33;-2.89E-01;-6.80E-04;-1.21E-02;-1.60E-01
1;139;-899;09.11.2018;11:54:45;-2.88E-01;-6.96E-04;-1.22E-02;-1.59E-01
1;140;-800;09.11.2018;11:54:57;-2.90E-01;-7.05E-04;-1.22E-02;-1.58E-01
1;141;-699;09.11.2018;11:55:09;-2.90E-01;-6.96E-04;-1.22E-02;-1.57E-01
1;142;-600;09.11.2018;11:55:21;-2.92E-01;-7.19E-04;-1.23E-02;-1.56E-01
1;143;-500;09.11.2018;11:55:33;-2.90E-01;-7.15E-04;-1.23E-02;-1.55E-01
1;144;-400;09.11.2018;11:55:45;-2.89E-01;-7.09E-04;-1.23E-02;-1.54E-01
1;145;-300;09.11.2018;11:55:57;-2.90E-01;-7.11E-04;-1.24E-02;-1.52E-01
1;146;-200;09.11.2018;11:56:09;-2.88E-01;-7.14E-04;-1.24E-02;-1.50E-01
1;147;-100;09.11.2018;11:56:20;-2.88E-01;-7.20E-04;-1.25E-02;-1.43E-01
1;148;0;09.11.2018;11:56:32;-2.89E-01;-7.42E-04;-1.25E-02;-1.35E-01
1;149;100;09.11.2018;11:56:44;-2.89E-01;-7.34E-04;-1.26E-02;-1.29E-01
1;150;200;09.11.2018;11:56:56;-2.90E-01;-7.22E-04;-1.26E-02;-1.26E-01
1;151;300;09.11.2018;11:57:08;-2.91E-01;-7.21E-04;-1.27E-02;-1.23E-01
1;152;400;09.11.2018;11:57:20;-2.88E-01;-7.03E-04;-1.27E-02;-1.21E-01
1;153;500;09.11.2018;11:57:32;-2.97E-01;-7.38E-04;-1.28E-02;-1.19E-01
1;154;600;09.11.2018;11:57:44;-2.97E-01;-7.37E-04;-1.29E-02;-1.17E-01
1;155;699;09.11.2018;11:57:56;-2.96E-01;-7.25E-04;-1.29E-02;-1.15E-01
1;156;800;09.11.2018;11:58:08;-3.05E-01;-7.30E-04;-1.29E-02;-1.13E-01
1;157;899;09.11.2018;11:58:20;-3.10E-01;-7.31E-04;-1.30E-02;-1.11E-01
1;158;1000;09.11.2018;11:58:32;-3.07E-01;-7.46E-04;-1.31E-02;-1.10E-01
1;159;1100;09.11.2018;11:58:44;-3.30E-01;-7.84E-04;-1.32E-02;-1.08E-01
1;160;1200;09.11.2018;11:58:55;-3.99E-01;-9.69E-04;-1.32E-02;-1.06E-01
1;161;1299;09.11.2018;11:59:07;-4.99E-01;-1.22E-03;-1.33E-02;-1.05E-01
1;162;1399;09.11.2018;11:59:19;-6.01E-01;-1.49E-03;-1.33E-02;-1.03E-01
1;163;1500;09.11.2018;11:59:31;-6.63E-01;-1.68E-03;-1.34E-02;-1.02E-01
1;164;1600;09.11.2018;11:59:43;-7.02E-01;-1.74E-03;-1.34E-02;-1.00E-01
1;165;1700;09.11.2018;11:59:55;-7.31E-01;-1.82E-03;-1.35E-02;-9.91E-02
1;166;1799;09.11.2018;12:00:07;-7.53E-01;-1.90E-03;-1.36E-02;-9.78E-02
1;167;1899;09.11.2018;12:00:19;-7.70E-01;-1.92E-03;-1.36E-02;-9.65E-02
1;168;2000;09.11.2018;12:00:31;-7.87E-01;-1.96E-03;-1.36E-02;-9.52E-02
1;169;2099;09.11.2018;12:00:43;-8.08E-01;-2.01E-03;-1.37E-02;-9.40E-02
1;170;2200;09.11.2018;12:00:55;-8.15E-01;-2.04E-03;-1.37E-02;-9.27E-02
1;171;2299;09.11.2018;12:01:07;-8.10E-01;-2.03E-03;-1.37E-02;-9.15E-02
1;172;2400;09.11.2018;12:01:19;-8.12E-01;-2.04E-03;-1.37E-02;-9.03E-02
1;173;2500;09.11.2018;12:01:30;-7.92E-01;-2.00E-03;-1.38E-02;-8.90E-02
1;174;2599;09.11.2018;12:01:42;-7.76E-01;-1.95E-03;-1.38E-02;-8.76E-02
1;175;2700;09.11.2018;12:01:54;-7.55E-01;-1.90E-03;-1.38E-02;-8.50E-02
1;176;2799;09.11.2018;12:02:06;-7.30E-01;-1.83E-03;-1.39E-02;-8.18E-02
1;177;2900;09.11.2018;12:02:18;-7.27E-01;-1.82E-03;-1.39E-02;-7.81E-02
1;178;3000;09.11.2018;12:02:30;-7.37E-01;-1.84E-03;-1.40E-02;-7.48E-02
1;179;3099;09.11.2018;12:02:42;-7.87E-01;-1.96E-03;-1.40E-02;-7.15E-02
1;180;3200;09.11.2018;12:02:54;-8.43E-01;-2.09E-03;-1.40E-02;-6.93E-02
1;181;3299;09.11.2018;12:03:06;-8.90E-01;-2.23E-03;-1.41E-02;-6.73E-02
1;182;3400;09.11.2018;12:03:18;-9.36E-01;-2.34E-03;-1.41E-02;-6.54E-02
1;183;3500;09.11.2018;12:03:30;-9.70E-01;-2.44E-03;-1.41E-02;-6.36E-02
1;184;3599;09.11.2018;12:03:42;-9.94E-01;-2.50E-03;-1.41E-02;-6.19E-02
1;185;3700;09.11.2018;12:03:53;-1.01E+00;-2.53E-03;-1.41E-02;-6.03E-02
1;186;3799;09.11.2018;12:04:05;-1.03E+00;-2.59E-03;-1.42E-02;-5.87E-02
1;187;3900;09.11.2018;12:04:17;-1.05E+00;-2.61E-03;-1.42E-02;-5.72E-02
1;188;4000;09.11.2018;12:04:29;-1.09E+00;-2.71E-03;-1.42E-02;-5.57E-02
1;189;4099;09.11.2018;12:04:41;-1.20E+00;-2.98E-03;-1.43E-02;-5.41E-02
1;190;4199;09.11.2018;12:04:53;-1.38E+00;-3.45E-03;-1.43E-02;-5.21E-02
1;191;4300;09.11.2018;12:05:05;-1.53E+00;-3.85E-03;-1.43E-02;-5.02E-02
1;192;4400;09.11.2018;12:05:17;-1.48E+00;-3.73E-03;-1.44E-02;-4.85E-02
1;193;4500;09.11.2018;12:05:29;-1.28E+00;-3.21E-03;-1.43E-02;-4.66E-02
1;194;4599;09.11.2018;12:05:41;-1.11E+00;-2.76E-03;-1.41E-02;-4.48E-02
1;195;4699;09.11.2018;12:05:53;-1.19E+00;-2.94E-03;-1.41E-02;-4.29E-02
1;196;4800;09.11.2018;12:06:05;-1.15E+00;-2.88E-03;-1.40E-02;-4.10E-02
1;197;4900;09.11.2018;12:06:17;-1.10E+00;-2.73E-03;-1.39E-02;-3.90E-02
1;198;5000;09.11.2018;12:06:28;-1.08E+00;-2.66E-03;-1.39E-02;-3.71E-02
2;1;-55500;09.11.2018;12:07:17;-1.19E+00;3.92E-02;-1.36E-02;-9.44E-02
2;2;-55000;09.11.2018;12:07:29;-1.03E+00;3.49E-02;-1.35E-02;-9.84E-02
2;3;-54500;09.11.2018;12:07:41;-6.59E-01;3.71E-02;-1.34E-02;-1.01E-01
2;4;-54000;09.11.2018;12:07:53;-5.14E-01;3.40E-02;-1.34E-02;-1.03E-01
2;5;-53500;09.11.2018;12:08:05;-4.52E-01;3.37E-02;-1.34E-02;-1.00E-01
2;6;-53000;09.11.2018;12:08:17;-4.19E-01;3.55E-02;-1.33E-02;-1.03E-01
2;7;-52500;09.11.2018;12:08:29;-4.04E-01;3.66E-02;-1.33E-02;-1.05E-01
2;8;-52000;09.11.2018;12:08:41;-3.91E-01;3.73E-02;-1.33E-02;-1.07E-01
2;9;-51500;09.11.2018;12:08:53;-3.76E-01;3.72E-02;-1.33E-02;-1.09E-01
2;10;-51000;09.11.2018;12:09:05;-3.79E-01;3.60E-02;-1.33E-02;-1.11E-01
2;11;-50500;09.11.2018;12:09:17;-3.79E-01;3.39E-02;-1.33E-02;-1.13E-01
2;12;-50000;09.11.2018;12:09:28;-3.82E-01;3.12E-02;-1.34E-02;-1.14E-01
2;13;-49500;09.11.2018;12:09:40;-3.78E-01;2.96E-02;-1.34E-02;-1.15E-01
2;14;-49000;09.11.2018;12:09:52;-3.74E-01;2.88E-02;-1.34E-02;-1.17E-01
2;15;-48500;09.11.2018;12:10:04;-3.74E-01;2.85E-02;-1.34E-02;-1.18E-01
2;16;-48000;09.11.2018;12:10:16;-3.76E-01;2.83E-02;-1.35E-02;-1.19E-01
2;17;-47500;09.11.2018;12:10:28;-3.80E-01;2.81E-02;-1.35E-02;-1.20E-01
2;18;-47000;09.11.2018;12:10:40;-3.77E-01;2.81E-02;-1.35E-02;-1.21E-01
2;19;-46500;09.11.2018;12:10:52;-3.76E-01;2.81E-02;-1.36E-02;-1.22E-01
2;20;-46000;09.11.2018;12:11:04;-3.75E-01;2.82E-02;-1.36E-02;-1.22E-01
2;21;-45500;09.11.2018;12:11:16;-3.77E-01;2.82E-02;-1.36E-02;-1.23E-01
2;22;-45000;09.11.2018;12:11:28;-3.74E-01;2.82E-02;-1.37E-02;-1.23E-01
2;23;-44500;09.11.2018;12:11:40;-3.75E-01;2.82E-02;-1.37E-02;-1.24E-01
2;24;-44000;09.11.2018;12:11:52;-3.74E-01;2.83E-02;-1.37E-02;-1.24E-01
2;25;-43500;09.11.2018;12:12:03;-3.75E-01;2.83E-02;-1.38E-02;-1.24E-01
2;26;-43000;09.11.2018;12:12:15;-3.73E-01;2.82E-02;-1.38E-02;-1.25E-01
2;27;-42500;09.11.2018;12:12:27;-3.75E-01;2.83E-02;-1.39E-02;-1.25E-01
2;28;-42000;09.11.2018;12:12:39;-3.74E-01;2.83E-02;-1.39E-02;-1.26E-01
2;29;-41500;09.11.2018;12:12:51;-3.73E-01;2.84E-02;-1.39E-02;-1.26E-01
2;30;-41000;09.11.2018;12:13:03;-3.75E-01;2.84E-02;-1.40E-02;-1.26E-01
2;31;-40500;09.11.2018;12:13:15;-3.70E-01;2.85E-02;-1.40E-02;-1.27E-01
2;32;-40000;09.11.2018;12:13:27;-3.75E-01;2.86E-02;-1.40E-02;-1.27E-01
2;33;-39500;09.11.2018;12:13:39;-3.74E-01;2.87E-02;-1.41E-02;-1.27E-01
2;34;-39000;09.11.2018;12:13:51;-3.72E-01;2.90E-02;-1.41E-02;-1.27E-01
2;35;-38500;09.11.2018;12:14:03;-3.74E-01;2.93E-02;-1.42E-02;-1.27E-01
2;36;-38000;09.11.2018;12:14:15;-3.71E-01;2.94E-02;-1.42E-02;-1.28E-01
2;37;-37500;09.11.2018;12:14:27;-3.72E-01;2.94E-02;-1.43E-02;-1.28E-01
2;38;-37000;09.11.2018;12:14:38;-3.71E-01;2.93E-02;-1.44E-02;-1.28E-01
2;39;-36500;09.11.2018;12:14:50;-3.67E-01;2.93E-02;-1.44E-02;-1.28E-01
2;40;-36000;09.11.2018;12:15:02;-3.67E-01;2.92E-02;-1.45E-02;-1.28E-01
2;41;-35500;09.11.2018;12:15:14;-3.66E-01;2.92E-02;-1.45E-02;-1.28E-01
2;42;-35000;09.11.2018;12:15:26;-3.65E-01;2.92E-02;-1.46E-02;-1.29E-01
2;43;-34500;09.11.2018;12:15:38;-3.68E-01;2.92E-02;-1.46E-02;-1.29E-01
2;44;-34000;09.11.2018;12:15:50;-3.65E-01;2.91E-02;-1.47E-02;-1.29E-01
2;45;-33500;09.11.2018;12:16:02;-3.68E-01;2.90E-02;-1.47E-02;-1.29E-01
2;46;-33000;09.11.2018;12:16:14;-3.67E-01;2.90E-02;-1.48E-02;-1.29E-01
2;47;-32500;09.11.2018;12:16:26;-3.65E-01;2.90E-02;-1.48E-02;-1.29E-01
2;48;-32000;09.11.2018;12:16:38;-3.66E-01;2.90E-02;-1.49E-02;-1.29E-01
2;49;-31500;09.11.2018;12:16:50;-3.62E-01;2.91E-02;-1.49E-02;-1.29E-01
2;50;-31000;09.11.2018;12:17:02;-3.59E-01;2.92E-02;-1.50E-02;-1.29E-01
2;51;-30500;09.11.2018;12:17:13;-3.57E-01;2.93E-02;-1.51E-02;-1.29E-01
2;52;-30000;09.11.2018;12:17:25;-3.58E-01;2.93E-02;-1.52E-02;-1.29E-01
2;53;-29500;09.11.2018;12:17:37;-3.55E-01;2.94E-02;-1.52E-02;-1.28E-01
2;54;-29000;09.11.2018;12:17:49;-3.54E-01;2.92E-02;-1.52E-02;-1.28E-01
2;55;-28500;09.11.2018;12:18:01;-3.55E-01;2.89E-02;-1.53E-02;-1.28E-01
2;56;-28000;09.11.2018;12:18:13;-3.52E-01;2.86E-02;-1.54E-02;-1.28E-01
2;57;-27500;09.11.2018;12:18:25;-3.49E-01;2.86E-02;-1.55E-02;-1.28E-01
2;58;-27000;09.11.2018;12:18:37;-3.50E-01;2.86E-02;-1.55E-02;-1.28E-01
2;59;-26500;09.11.2018;12:18:49;-3.47E-01;2.86E-02;-1.56E-02;-1.29E-01
2;60;-26000;09.11.2018;12:19:01;-3.45E-01;2.86E-02;-1.56E-02;-1.29E-01
2;61;-25500;09.11.2018;12:19:13;-3.49E-01;2.84E-02;-1.57E-02;-1.29E-01
2;62;-25000;09.11.2018;12:19:25;-3.44E-01;2.81E-02;-1.57E-02;-1.29E-01
2;63;-24500;09.11.2018;12:19:37;-3.43E-01;2.76E-02;-1.58E-02;-1.29E-01
2;64;-24000;09.11.2018;12:19:48;-3.43E-01;2.71E-02;-1.58E-02;-1.29E-01
2;65;-23500;09.11.2018;12:20:00;-3.41E-01;2.66E-02;-1.59E-02;-1.29E-01
2;66;-23000;09.11.2018;12:20:12;-3.40E-01;2.69E-02;-1.59E-02;-1.29E-01
2;67;-22500;09.11.2018;12:20:24;-3.37E-01;2.76E-02;-1.60E-02;-1.29E-01
2;68;-22000;09.11.2018;12:20:36;-3.39E-01;2.83E-02;-1.60E-02;-1.29E-01
2;69;-21500;09.11.2018;12:20:48;-3.38E-01;2.91E-02;-1.60E-02;-1.29E-01
2;70;-21000;09.11.2018;12:21:00;-3.35E-01;2.96E-02;-1.61E-02;-1.29E-01
2;71;-20500;09.11.2018;12:21:12;-3.35E-01;2.97E-02;-1.61E-02;-1.29E-01
2;72;-20000;09.11.2018;12:21:24;-3.32E-01;2.92E-02;-1.61E-02;-1.29E-01
2;73;-19500;09.11.2018;12:21:36;-3.33E-01;2.91E-02;-1.62E-02;-1.29E-01
2;74;-19000;09.11.2018;12:21:48;-3.33E-01;2.87E-02;-1.62E-02;-1.29E-01
2;75;-18500;09.11.2018;12:22:00;-3.32E-01;2.78E-02;-1.62E-02;-1.29E-01
2;76;-18000;09.11.2018;12:22:11;-3.35E-01;2.75E-02;-1.63E-02;-1.29E-01
2;77;-17500;09.11.2018;12:22:23;-3.33E-01;2.74E-02;-1.63E-02;-1.29E-01
2;78;-17000;09.11.2018;12:22:35;-3.31E-01;2.72E-02;-1.63E-02;-1.28E-01
2;79;-16500;09.11.2018;12:22:47;-3.29E-01;2.69E-02;-1.64E-02;-1.28E-01
2;80;-16000;09.11.2018;12:22:59;-3.31E-01;2.64E-02;-1.64E-02;-1.28E-01
2;81;-15500;09.11.2018;12:23:11;-3.28E-01;2.60E-02;-1.65E-02;-1.28E-01
2;82;-15000;09.11.2018;12:23:23;-3.26E-01;2.56E-02;-1.65E-02;-1.28E-01
2;83;-14500;09.11.2018;12:23:35;-3.28E-01;2.55E-02;-1.65E-02;-1.28E-01
2;84;-14000;09.11.2018;12:23:47;-3.26E-01;2.56E-02;-1.66E-02;-1.28E-01
2;85;-13500;09.11.2018;12:23:59;-3.25E-01;2.58E-02;-1.66E-02;-1.28E-01
2;86;-13000;09.11.2018;12:24:11;-3.26E-01;2.61E-02;-1.66E-02;-1.28E-01
2;87;-12500;09.11.2018;12:24:23;-3.24E-01;2.62E-02;-1.66E-02;-1.28E-01
2;88;-12000;09.11.2018;12:24:35;-3.24E-01;2.64E-02;-1.67E-02;-1.28E-01
2;89;-11500;09.11.2018;12:24:46;-3.22E-01;2.68E-02;-1.67E-02;-1.28E-01
2;90;-11000;09.11.2018;12:24:58;-3.21E-01;2.72E-02;-1.67E-02;-1.28E-01
2;91;-10500;09.11.2018;12:25:10;-3.20E-01;2.74E-02;-1.68E-02;-1.28E-01
2;92;-10000;09.11.2018;12:25:22;-3.17E-01;2.72E-02;-1.68E-02;-1.28E-01
2;93;-9500;09.11.2018;12:25:34;-3.15E-01;2.68E-02;-1.68E-02;-1.28E-01
2;94;-9000;09.11.2018;12:25:46;-3.15E-01;2.67E-02;-1.69E-02;-1.29E-01
2;95;-8500;09.11.2018;12:25:58;-3.16E-01;2.69E-02;-1.69E-02;-1.29E-01
2;96;-8000;09.11.2018;12:26:10;-3.13E-01;2.77E-02;-1.69E-02;-1.29E-01
2;97;-7500;09.11.2018;12:26:22;-3.12E-01;2.95E-02;-1.69E-02;-1.30E-01
2;98;-7000;09.11.2018;12:26:34;-3.13E-01;3.05E-02;-1.69E-02;-1.30E-01
2;99;-6500;09.11.2018;12:26:46;-3.09E-01;3.10E-02;-1.70E-02;-1.30E-01
2;100;-6000;09.11.2018;12:26:58;-3.07E-01;3.24E-02;-1.70E-02;-1.31E-01
2;101;-5500;09.11.2018;12:27:10;-3.05E-01;3.44E-02;-1.70E-02;-1.31E-01
2;102;-5000;09.11.2018;12:27:21;-3.03E-01;3.45E-02;-1.70E-02;-1.30E-01
2;103;-4500;09.11.2018;12:27:33;-3.01E-01;3.31E-02;-1.70E-02;-1.30E-01
2;104;-4400;09.11.2018;12:27:45;-3.02E-01;3.24E-02;-1.71E-02;-1.29E-01
2;105;-4300;09.11.2018;12:27:57;-3.01E-01;3.12E-02;-1.71E-02;-1.29E-01
2;106;-4199;09.11.2018;12:28:09;-3.00E-01;3.06E-02;-1.71E-02;-1.29E-01
2;107;-4099;09.11.2018;12:28:21;-3.00E-01;3.10E-02;-1.71E-02;-1.28E-01
2;108;-4000;09.11.2018;12:28:33;-2.98E-01;3.12E-02;-1.71E-02;-1.28E-01
2;109;-3900;09.11.2018;12:28:45;-2.97E-01;3.03E-02;-1.72E-02;-1.28E-01
2;110;-3799;09.11.2018;12:28:57;-2.97E-01;2.87E-02;-1.72E-02;-1.28E-01
2;111;-3700;09.11.2018;12:29:09;-2.99E-01;2.69E-02;-1.72E-02;-1.28E-01
2;112;-3599;09.11.2018;12:29:21;-3.01E-01;2.51E-02;-1.72E-02;-1.28E-01
2;113;-3500;09.11.2018;12:29:33;-3.00E-01;2.34E-02;-1.73E-02;-1.28E-01
2;114;-3400;09.11.2018;12:29:45;-2.92E-01;2.15E-02;-1.73E-02;-1.28E-01
2;115;-3299;09.11.2018;12:29:56;-2.91E-01;1.96E-02;-1.73E-02;-1.28E-01
2;116;-3200;09.11.2018;12:30:08;-3.00E-01;1.76E-02;-1.73E-02;-1.28E-01
2;117;-3099;09.11.2018;12:30:20;-2.93E-01;1.56E-02;-1.74E-02;-1.28E-01
2;118;-3000;09.11.2018;12:30:32;-2.91E-01;1.35E-02;-1.74E-02;-1.27E-01
2;119;-2900;09.11.2018;12:30:44;-2.95E-01;1.15E-02;-1.74E-02;-1.27E-01
2;120;-2799;09.11.2018;12:30:56;-2.92E-01;9.47E-03;-1.75E-02;-1.27E-01
2;121;-2700;09.11.2018;12:31:08;-2.90E-01;8.05E-03;-1.75E-02;-1.27E-01
2;122;-2599;09.11.2018;12:31:20;-2.98E-01;6.61E-03;-1.75E-02;-1.27E-01
2;123;-2500;09.11.2018;12:31:32;-2.95E-01;5.23E-03;-1.75E-02;-1.27E-01
2;124;-2400;09.11.2018;12:31:44;-2.88E-01;4.08E-03;-1.76E-02;-1.27E-01
2;125;-2299;09.11.2018;12:31:56;-2.95E-01;3.02E-03;-1.76E-02;-1.27E-01
2;126;-2200;09.11.2018;12:32:08;-2.92E-01;2.13E-03;-1.76E-02;-1.27E-01
2;127;-2099;09.11.2018;12:32:20;-2.86E-01;1.39E-03;-1.76E-02;-1.27E-01
2;128;-2000;09.11.2018;12:32:31;-2.92E-01;7.15E-04;-1.77E-02;-1.27E-01
2;129;-1899;09.11.2018;12:32:43;-2.92E-01;1.16E-04;-1.77E-02;-1.27E-01
2;130;-1799;09.11.2018;12:32:55;-2.89E-01;-1.86E-04;-1.77E-02;-1.27E-01
2;131;-1700;09.11.2018;12:33:07;-2.89E-01;-2.89E-04;-1.77E-02;-1.27E-01
2;132;-1600;09.11.2018;12:33:19;-2.84E-01;-3.57E-04;-1.77E-02;-1.27E-01
2;133;-1500;09.11.2018;12:33:31;-2.89E-01;-4.36E-04;-1.78E-02;-1.27E-01
2;134;-1399;09.11.2018;12:33:43;-2.87E-01;-5.01E-04;-1.78E-02;-1.27E-01
2;135;-1299;09.11.2018;12:33:55;-2.87E-01;-5.20E-04;-1.78E-02;-1.27E-01
2;136;-1200;09.11.2018;12:34:07;-2.88E-01;-5.46E-04;-1.79E-02;-1.27E-01
2;137;-1100;09.11.2018;12:34:19;-2.80E-01;-5.62E-04;-1.79E-02;-1.27E-01
2;138;-1000;09.11.2018;12:34:31;-2.81E-01;-6.02E-04;-1.79E-02;-1.27E-01
2;139;-899;09.11.2018;12:34:43;-2.86E-01;-6.36E-04;-1.80E-02;-1.26E-01
2;140;-800;09.11.2018;12:34:54;-2.82E-01;-6.44E-04;-1.80E-02;-1.26E-01
2;141;-699;09.11.2018;12:35:06;-2.81E-01;-6.48E-04;-1.80E-02;-1.26E-01
2;142;-600;09.11.2018;12:35:18;-2.80E-01;-6.67E-04;-1.80E-02;-1.25E-01
2;143;-500;09.11.2018;12:35:30;-2.86E-01;-7.16E-04;-1.80E-02;-1.25E-01
2;144;-400;09.11.2018;12:35:42;-2.82E-01;-6.88E-04;-1.81E-02;-1.24E-01
2;145;-300;09.11.2018;12:35:54;-2.81E-01;-6.96E-04;-1.81E-02;-1.24E-01
2;146;-200;09.11.2018;12:36:06;-2.83E-01;-7.32E-04;-1.82E-02;-1.23E-01
2;147;-100;09.11.2018;12:36:18;-2.85E-01;-7.35E-04;-1.82E-02;-1.23E-01
2;148;0;09.11.2018;12:36:30;-2.80E-01;-7.32E-04;-1.82E-02;-1.22E-01
2;149;100;09.11.2018;12:36:42;-2.84E-01;-7.60E-04;-1.82E-02;-1.21E-01
2;150;200;09.11.2018;12:36:54;-2.79E-01;-7.13E-04;-1.83E-02;-1.21E-01
2;151;300;09.11.2018;12:37:06;-2.81E-01;-7.59E-04;-1.83E-02;-1.20E-01
2;152;400;09.11.2018;12:37:18;-2.79E-01;-7.44E-04;-1.83E-02;-1.19E-01
2;153;500;09.11.2018;12:37:30;-2.80E-01;-7.78E-04;-1.83E-02;-1.18E-01
2;154;600;09.11.2018;12:37:41;-2.82E-01;-7.93E-04;-1.83E-02;-1.17E-01
2;155;699;09.11.2018;12:37:53;-2.81E-01;-7.74E-04;-1.84E-02;-1.15E-01
2;156;800;09.11.2018;12:38:05;-2.80E-01;-8.13E-04;-1.84E-02;-1.13E-01
2;157;899;09.11.2018;12:38:17;-2.81E-01;-7.75E-04;-1.84E-02;-1.10E-01
2;158;1000;09.11.2018;12:38:29;-2.82E-01;-7.91E-04;-1.85E-02;-1.07E-01
2;159;1100;09.11.2018;12:38:41;-2.84E-01;-7.96E-04;-1.85E-02;-1.04E-01
2;160;1200;09.11.2018;12:38:53;-2.89E-01;-8.19E-04;-1.86E-02;-1.01E-01
2;161;1299;09.11.2018;12:39:05;-2.90E-01;-8.13E-04;-1.86E-02;-9.58E-02
2;162;1399;09.11.2018;12:39:17;-2.96E-01;-8.39E-04;-1.87E-02;-9.04E-02
2;163;1500;09.11.2018;12:39:29;-2.91E-01;-8.14E-04;-1.87E-02;-8.46E-02
2;164;1600;09.11.2018;12:39:41;-2.98E-01;-8.27E-04;-1.87E-02;-7.86E-02
2;165;1700;09.11.2018;12:39:53;-3.00E-01;-8.27E-04;-1.88E-02;-7.30E-02
2;166;1799;09.11.2018;12:40:04;-2.97E-01;-8.51E-04;-1.88E-02;-6.79E-02
2;167;1899;09.11.2018;12:40:16;-2.97E-01;-8.41E-04;-1.89E-02;-6.39E-02
2;168;2000;09.11.2018;12:40:28;-3.02E-01;-8.57E-04;-1.89E-02;-6.06E-02
2;169;2099;09.11.2018;12:40:40;-3.04E-01;-8.35E-04;-1.90E-02;-5.79E-02
2;170;2200;09.11.2018;12:40:52;-3.21E-01;-8.95E-04;-1.90E-02;-5.55E-02
2;171;2299;09.11.2018;12:41:04;-3.45E-01;-9.46E-04;-1.91E-02;-5.34E-02
2;172;2400;09.11.2018;12:41:16;-3.64E-01;-1.02E-03;-1.91E-02;-5.13E-02
2;173;2500;09.11.2018;12:41:28;-3.78E-01;-1.06E-03;-1.92E-02;-4.95E-02
2;174;2599;09.11.2018;12:41:40;-3.84E-01;-1.08E-03;-1.92E-02;-4.77E-02
2;175;2700;09.11.2018;12:41:52;-3.83E-01;-1.06E-03;-1.92E-02;-4.60E-02
2;176;2799;09.11.2018;12:42:04;-4.06E-01;-1.13E-03;-1.93E-02;-4.42E-02
2;177;2900;09.11.2018;12:42:16;-4.13E-01;-1.15E-03;-1.93E-02;-4.25E-02
2;178;3000;09.11.2018;12:42:28;-4.03E-01;-1.10E-03;-1.93E-02;-4.10E-02
2;179;3099;09.11.2018;12:42:39;-3.94E-01;-1.10E-03;-1.94E-02;-3.94E-02
2;180;3200;09.11.2018;12:42:51;-3.88E-01;-1.08E-03;-1.94E-02;-3.78E-02
2;181;3299;09.11.2018;12:43:03;-3.75E-01;-1.03E-03;-1.94E-02;-3.62E-02
2;182;3400;09.11.2018;12:43:15;-3.63E-01;-1.00E-03;-1.95E-02;-3.47E-02
2;183;3500;09.11.2018;12:43:27;-3.52E-01;-9.71E-04;-1.95E-02;-3.31E-02
2;184;3599;09.11.2018;12:43:39;-3.53E-01;-9.54E-04;-1.95E-02;-3.13E-02
2;185;3700;09.11.2018;12:43:51;-3.54E-01;-9.59E-04;-1.96E-02;-2.93E-02
2;186;3799;09.11.2018;12:44:03;-3.58E-01;-9.60E-04;-1.96E-02;-2.73E-02
2;187;3900;09.11.2018;12:44:15;-3.83E-01;-1.07E-03;-1.96E-02;-2.53E-02
2;188;4000;09.11.2018;12:44:27;-4.22E-01;-1.14E-03;-1.97E-02;-2.31E-02
2;189;4099;09.11.2018;12:44:39;-4.89E-01;-1.28E-03;-1.97E-02;-2.09E-02
2;190;4199;09.11.2018;12:44:51;-5.75E-01;-1.51E-03;-1.97E-02;-1.86E-02
2;191;4300;09.11.2018;12:45:03;-6.98E-01;-1.83E-03;-1.97E-02;-1.62E-02
2;192;4400;09.11.2018;12:45:14;-8.91E-01;-2.33E-03;-1.98E-02;-1.38E-02
2;193;4500;09.11.2018;12:45:26;-1.00E+00;-2.60E-03;-1.98E-02;-1.14E-02
2;194;4599;09.11.2018;12:45:38;-1.19E+00;-3.07E-03;-1.98E-02;-9.04E-03
2;195;4699;09.11.2018;12:45:50;-1.45E+00;-3.75E-03;-1.98E-02;-6.67E-03
2;196;4800;09.11.2018;12:46:02;-1.85E+00;-4.78E-03;-1.98E-02;-4.30E-03
2;197;4900;09.11.2018;12:46:14;-2.23E+00;-5.76E-03;-1.98E-02;-2.05E-03
2;198;5000;09.11.2018;12:46:26;-2.00E+00;-5.18E-03;-1.98E-02;2.08E-04
3;1;-55500;09.11.2018;12:47:15;-6.50E-01;4.87E-02;-2.00E-02;-6.33E-02
3;2;-55000;09.11.2018;12:47:27;-8.32E-01;4.15E-02;-2.00E-02;-6.83E-02
3;3;-54500;09.11.2018;12:47:39;-4.28E-01;3.84E-02;-2.00E-02;-7.21E-02
3;4;-54000;09.11.2018;12:47:51;-3.31E-01;3.43E-02;-2.00E-02;-7.49E-02
3;5;-53500;09.11.2018;12:48:03;-2.91E-01;3.04E-02;-2.00E-02;-7.52E-02
3;6;-53000;09.11.2018;12:48:14;-2.74E-01;2.96E-02;-2.00E-02;-7.86E-02
3;7;-52500;09.11.2018;12:48:26;-2.66E-01;3.06E-02;-2.00E-02;-8.11E-02
3;8;-52000;09.11.2018;12:48:38;-2.63E-01;3.15E-02;-2.00E-02;-8.32E-02
3;9;-51500;09.11.2018;12:48:50;-2.69E-01;3.17E-02;-2.00E-02;-8.51E-02
3;10;-51000;09.11.2018;12:49:02;-2.67E-01;3.15E-02;-2.00E-02;-8.69E-02
3;11;-50500;09.11.2018;12:49:14;-2.67E-01;3.11E-02;-2.00E-02;-8.87E-02
3;12;-50000;09.11.2018;12:49:26;-2.76E-01;3.22E-02;-2.00E-02;-9.05E-02
3;13;-49500;09.11.2018;12:49:38;-2.80E-01;3.37E-02;-2.00E-02;-9.20E-02
3;14;-49000;09.11.2018;12:49:50;-2.79E-01;3.34E-02;-2.00E-02;-9.35E-02
3;15;-48500;09.11.2018;12:50:02;-2.83E-01;3.17E-02;-2.00E-02;-9.50E-02
3;16;-48000;09.11.2018;12:50:14;-2.85E-01;3.03E-02;-2.00E-02;-9.63E-02
3;17;-47500;09.11.2018;12:50:26;-2.87E-01;2.97E-02;-2.00E-02;-9.76E-02
3;18;-47000;09.11.2018;12:50:38;-2.89E-01;2.95E-02;-2.00E-02;-9.87E-02
3;19;-46500;09.11.2018;12:50:49;-2.89E-01;2.94E-02;-2.00E-02;-9.99E-02
3;20;-46000;09.11.2018;12:51:01;-2.94E-01;2.93E-02;-2.01E-02;-1.01E-01
3;21;-45500;09.11.2018;12:51:13;-2.92E-01;2.93E-02;-2.01E-02;-1.02E-01
3;22;-45000;09.11.2018;12:51:25;-2.92E-01;2.93E-02;-2.01E-02;-1.03E-01
3;23;-44500;09.11.2018;12:51:37;-2.88E-01;2.93E-02;-2.01E-02;-1.04E-01
3;24;-44000;09.11.2018;12:51:49;-2.93E-01;2.93E-02;-2.01E-02;-1.05E-01
3;25;-43500;09.11.2018;12:52:01;-2.97E-01;2.93E-02;-2.02E-02;-1.05E-01
3;26;-43000;09.11.2018;12:52:13;-3.00E-01;2.93E-02;-2.02E-02;-1.06E-01
3;27;-42500;09.11.2018;12:52:25;-2.99E-01;2.93E-02;-2.02E-02;-1.06E-01
3;28;-42000;09.11.2018;12:52:37;-3.01E-01;2.93E-02;-2.02E-02;-1.06E-01
3;29;-41500;09.11.2018;12:52:49;-3.00E-01;2.94E-02;-2.02E-02;-1.06E-01
3;30;-41000;09.11.2018;12:53:01;-3.03E-01;2.94E-02;-2.03E-02;-1.06E-01
3;31;-40500;09.11.2018;12:53:13;-3.02E-01;2.94E-02;-2.03E-02;-1.06E-01
3;32;-40000;09.11.2018;12:53:24;-3.04E-01;2.95E-02;-2.03E-02;-1.06E-01
3;33;-39500;09.11.2018;12:53:36;-3.06E-01;2.95E-02;-2.03E-02;-1.07E-01
3;34;-39000;09.11.2018;12:53:48;-3.03E-01;2.95E-02;-2.04E-02;-1.07E-01
3;35;-38500;09.11.2018;12:54:00;-2.98E-01;2.95E-02;-2.04E-02;-1.07E-01
3;36;-38000;09.11.2018;12:54:12;-2.99E-01;2.95E-02;-2.04E-02;-1.07E-01
3;37;-37500;09.11.2018;12:54:24;-3.07E-01;2.94E-02;-2.05E-02;-1.07E-01
3;38;-37000;09.11.2018;12:54:36;-3.02E-01;2.94E-02;-2.05E-02;-1.08E-01
3;39;-36500;09.11.2018;12:54:48;-3.01E-01;2.94E-02;-2.05E-02;-1.08E-01
3;40;-36000;09.11.2018;12:55:00;-3.03E-01;2.94E-02;-2.06E-02;-1.08E-01
3;41;-35500;09.11.2018;12:55:12;-3.07E-01;2.93E-02;-2.06E-02;-1.08E-01
3;42;-35000;09.11.2018;12:55:24;-3.02E-01;2.94E-02;-2.06E-02;-1.08E-01
3;43;-34500;09.11.2018;12:55:36;-3.02E-01;2.94E-02;-2.07E-02;-1.09E-01
3;44;-34000;09.11.2018;12:55:48;-3.06E-01;2.94E-02;-2.07E-02;-1.09E-01
3;45;-33500;09.11.2018;12:55:59;-3.04E-01;2.94E-02;-2.07E-02;-1.09E-01
3;46;-33000;09.11.2018;12:56:11;-3.03E-01;2.93E-02;-2.07E-02;-1.09E-01
3;47;-32500;09.11.2018;12:56:23;-3.01E-01;2.89E-02;-2.08E-02;-1.10E-01
3;48;-32000;09.11.2018;12:56:35;-3.01E-01;2.86E-02;-2.08E-02;-1.10E-01
3;49;-31500;09.11.2018;12:56:47;-2.99E-01;2.84E-02;-2.08E-02;-1.10E-01
3;50;-31000;09.11.2018;12:56:59;-2.97E-01;2.84E-02;-2.09E-02;-1.10E-01
3;51;-30500;09.11.2018;12:57:11;-3.02E-01;2.80E-02;-2.09E-02;-1.10E-01
3;52;-30000;09.11.2018;12:57:23;-3.04E-01;2.80E-02;-2.10E-02;-1.11E-01
3;53;-29500;09.11.2018;12:57:35;-2.97E-01;2.85E-02;-2.10E-02;-1.11E-01
3;54;-29000;09.11.2018;12:57:47;-2.97E-01;2.86E-02;-2.11E-02;-1.11E-01
3;55;-28500;09.11.2018;12:57:59;-2.97E-01;2.87E-02;-2.11E-02;-1.11E-01
3;56;-28000;09.11.2018;12:58:11;-2.98E-01;2.89E-02;-2.11E-02;-1.11E-01
3;57;-27500;09.11.2018;12:58:22;-2.98E-01;2.90E-02;-2.12E-02;-1.11E-01
3;58;-27000;09.11.2018;12:58:34;-2.96E-01;2.90E-02;-2.12E-02;-1.11E-01
3;59;-26500;09.11.2018;12:58:46;-2.92E-01;2.85E-02;-2.12E-02;-1.11E-01
3;60;-26000;09.11.2018;12:58:58;-2.92E-01;2.75E-02;-2.13E-02;-1.11E-01
3;61;-25500;09.11.2018;12:59:10;-2.89E-01;2.69E-02;-2.13E-02;-1.12E-01
3;62;-25000;09.11.2018;12:59:22;-2.91E-01;2.66E-02;-2.14E-02;-1.12E-01
3;63;-24500;09.11.2018;12:59:34;-2.86E-01;2.65E-02;-2.14E-02;-1.12E-01
3;64;-24000;09.11.2018;12:59:46;-2.91E-01;2.65E-02;-2.14E-02;-1.12E-01
3;65;-23500;09.11.2018;12:59:58;-2.90E-01;2.65E-02;-2.15E-02;-1.12E-01
3;66;-23000;09.11.2018;13:00:10;-2.86E-01;2.65E-02;-2.15E-02;-1.12E-01
3;67;-22500;09.11.2018;13:00:22;-2.83E-01;2.64E-02;-2.16E-02;-1.12E-01
3;68;-22000;09.11.2018;13:00:34;-2.82E-01;2.64E-02;-2.16E-02;-1.12E-01
3;69;-21500;09.11.2018;13:00:46;-2.84E-01;2.65E-02;-2.16E-02;-1.12E-01
3;70;-21000;09.11.2018;13:00:57;-2.79E-01;2.64E-02;-2.16E-02;-1.12E-01
3;71;-20500;09.11.2018;13:01:09;-2.87E-01;2.64E-02;-2.17E-02;-1.13E-01
3;72;-20000;09.11.2018;13:01:21;-2.81E-01;2.64E-02;-2.17E-02;-1.13E-01
3;73;-19500;09.11.2018;13:01:33;-2.90E-01;2.65E-02;-2.17E-02;-1.13E-01
3;74;-19000;09.11.2018;13:01:45;-2.76E-01;2.69E-02;-2.18E-02;-1.13E-01
3;75;-18500;09.11.2018;13:01:57;-2.84E-01;2.71E-02;-2.18E-02;-1.13E-01
3;76;-18000;09.11.2018;13:02:09;-2.78E-01;2.74E-02;-2.19E-02;-1.13E-01
3;77;-17500;09.11.2018;13:02:21;-2.78E-01;2.75E-02;-2.19E-02;-1.13E-01
3;78;-17000;09.11.2018;13:02:33;-2.87E-01;2.76E-02;-2.20E-02;-1.13E-01
3;79;-16500;09.11.2018;13:02:45;-2.78E-01;2.76E-02;-2.20E-02;-1.13E-01
3;80;-16000;09.11.2018;13:02:57;-2.83E-01;2.75E-02;-2.20E-02;-1.12E-01
3;81;-15500;09.11.2018;13:03:09;-2.83E-01;2.74E-02;-2.20E-02;-1.12E-01
3;82;-15000;09.11.2018;13:03:21;-2.75E-01;2.74E-02;-2.21E-02;-1.12E-01
3;83;-14500;09.11.2018;13:03:32;-2.74E-01;2.74E-02;-2.21E-02;-1.12E-01
3;84;-14000;09.11.2018;13:03:44;-2.84E-01;2.74E-02;-2.21E-02;-1.12E-01
3;85;-13500;09.11.2018;13:03:56;-2.83E-01;2.74E-02;-2.21E-02;-1.12E-01
3;86;-13000;09.11.2018;13:04:08;-2.75E-01;2.75E-02;-2.22E-02;-1.12E-01
3;87;-12500;09.11.2018;13:04:20;-2.83E-01;2.74E-02;-2.22E-02;-1.12E-01
3;88;-12000;09.11.2018;13:04:32;-2.79E-01;2.74E-02;-2.22E-02;-1.12E-01
3;89;-11500;09.11.2018;13:04:44;-2.75E-01;2.72E-02;-2.22E-02;-1.12E-01
3;90;-11000;09.11.2018;13:04:56;-2.76E-01;2.71E-02;-2.22E-02;-1.12E-01
3;91;-10500;09.11.2018;13:05:08;-2.78E-01;2.71E-02;-2.23E-02;-1.12E-01
3;92;-10000;09.11.2018;13:05:20;-2.78E-01;2.71E-02;-2.23E-02;-1.12E-01
3;93;-9500;09.11.2018;13:05:32;-2.72E-01;2.71E-02;-2.23E-02;-1.12E-01
3;94;-9000;09.11.2018;13:05:44;-2.76E-01;2.71E-02;-2.23E-02;-1.12E-01
3;95;-8500;09.11.2018;13:05:56;-2.71E-01;2.70E-02;-2.23E-02;-1.12E-01
3;96;-8000;09.11.2018;13:06:07;-2.73E-01;2.68E-02;-2.24E-02;-1.12E-01
3;97;-7500;09.11.2018;13:06:19;-2.71E-01;2.66E-02;-2.24E-02;-1.12E-01
3;98;-7000;09.11.2018;13:06:31;-2.70E-01;2.67E-02;-2.24E-02;-1.12E-01
3;99;-6500;09.11.2018;13:06:43;-2.69E-01;2.67E-02;-2.24E-02;-1.13E-01
3;100;-6000;09.11.2018;13:06:55;-2.68E-01;2.67E-02;-2.25E-02;-1.13E-01
3;101;-5500;09.11.2018;13:07:07;-2.67E-01;2.72E-02;-2.25E-02;-1.12E-01
3;102;-5000;09.11.2018;13:07:19;-2.70E-01;2.94E-02;-2.25E-02;-1.13E-01
3;103;-4500;09.11.2018;13:07:31;-2.66E-01;3.18E-02;-2.25E-02;-1.13E-01
3;104;-4400;09.11.2018;13:07:43;-2.71E-01;3.15E-02;-2.25E-02;-1.13E-01
3;105;-4300;09.11.2018;13:07:55;-2.65E-01;3.14E-02;-2.26E-02;-1.13E-01
3;106;-4199;09.11.2018;13:08:07;-2.70E-01;3.20E-02;-2.26E-02;-1.13E-01
3;107;-4099;09.11.2018;13:08:19;-2.68E-01;3.23E-02;-2.26E-02;-1.13E-01
3;108;-4000;09.11.2018;13:08:30;-2.69E-01;3.22E-02;-2.27E-02;-1.13E-01
3;109;-3900;09.11.2018;13:08:42;-2.68E-01;3.21E-02;-2.27E-02;-1.13E-01
3;110;-3799;09.11.2018;13:08:54;-2.69E-01;3.21E-02;-2.28E-02;-1.13E-01
3;111;-3700;09.11.2018;13:09:06;-2.66E-01;3.18E-02;-2.28E-02;-1.13E-01
3;112;-3599;09.11.2018;13:09:18;-2.63E-01;3.09E-02;-2.28E-02;-1.13E-01
3;113;-3500;09.11.2018;13:09:30;-2.68E-01;2.95E-02;-2.29E-02;-1.14E-01
3;114;-3400;09.11.2018;13:09:42;-2.64E-01;2.75E-02;-2.29E-02;-1.14E-01
3;115;-3299;09.11.2018;13:09:54;-2.64E-01;2.53E-02;-2.29E-02;-1.14E-01
3;116;-3200;09.11.2018;13:10:06;-2.62E-01;2.31E-02;-2.29E-02;-1.14E-01
3;117;-3099;09.11.2018;13:10:18;-2.63E-01;2.18E-02;-2.30E-02;-1.14E-01
3;118;-3000;09.11.2018;13:10:30;-2.61E-01;2.02E-02;-2.30E-02;-1.14E-01
3;119;-2900;09.11.2018;13:10:42;-2.61E-01;1.77E-02;-2.30E-02;-1.14E-01
3;120;-2799;09.11.2018;13:10:54;-2.63E-01;1.57E-02;-2.30E-02;-1.14E-01
3;121;-2700;09.11.2018;13:11:05;-2.61E-01;1.37E-02;-2.31E-02;-1.14E-01
3;122;-2599;09.11.2018;13:11:17;-2.60E-01;1.18E-02;-2.31E-02;-1.15E-01
3;123;-2500;09.11.2018;13:11:29;-2.61E-01;9.78E-03;-2.31E-02;-1.15E-01
3;124;-2400;09.11.2018;13:11:41;-2.59E-01;8.07E-03;-2.31E-02;-1.15E-01
3;125;-2299;09.11.2018;13:11:53;-2.59E-01;6.98E-03;-2.31E-02;-1.15E-01
3;126;-2200;09.11.2018;13:12:05;-2.57E-01;5.75E-03;-2.32E-02;-1.15E-01
3;127;-2099;09.11.2018;13:12:17;-2.57E-01;4.61E-03;-2.32E-02;-1.15E-01
3;128;-2000;09.11.2018;13:12:29;-2.58E-01;3.52E-03;-2.32E-02;-1.15E-01
3;129;-1899;09.11.2018;13:12:41;-2.56E-01;2.73E-03;-2.32E-02;-1.15E-01
3;130;-1799;09.11.2018;13:12:53;-2.54E-01;1.80E-03;-2.33E-02;-1.15E-01
3;131;-1700;09.11.2018;13:13:05;-2.55E-01;1.03E-03;-2.33E-02;-1.15E-01
3;132;-1600;09.11.2018;13:13:17;-2.56E-01;3.49E-04;-2.33E-02;-1.15E-01
3;133;-1500;09.11.2018;13:13:29;-2.54E-01;-5.25E-05;-2.33E-02;-1.15E-01
3;134;-1399;09.11.2018;13:13:40;-2.51E-01;-1.65E-04;-2.34E-02;-1.15E-01
3;135;-1299;09.11.2018;13:13:52;-2.54E-01;-2.61E-04;-2.34E-02;-1.15E-01
3;136;-1200;09.11.2018;13:14:04;-2.49E-01;-2.95E-04;-2.34E-02;-1.15E-01
3;137;-1100;09.11.2018;13:14:16;-2.54E-01;-3.85E-04;-2.34E-02;-1.15E-01
3;138;-1000;09.11.2018;13:14:28;-2.55E-01;-4.20E-04;-2.34E-02;-1.15E-01
3;139;-899;09.11.2018;13:14:40;-2.52E-01;-4.61E-04;-2.34E-02;-1.15E-01
3;140;-800;09.11.2018;13:14:52;-2.54E-01;-4.90E-04;-2.35E-02;-1.14E-01
3;141;-699;09.11.2018;13:15:04;-2.53E-01;-5.10E-04;-2.35E-02;-1.14E-01
3;142;-600;09.11.2018;13:15:16;-2.50E-01;-5.38E-04;-2.35E-02;-1.14E-01
3;143;-500;09.11.2018;13:15:28;-2.54E-01;-5.78E-04;-2.35E-02;-1.14E-01
3;144;-400;09.11.2018;13:15:40;-2.52E-01;-5.84E-04;-2.35E-02;-1.13E-01
3;145;-300;09.11.2018;13:15:52;-2.50E-01;-5.92E-04;-2.36E-02;-1.13E-01
3;146;-200;09.11.2018;13:16:04;-2.50E-01;-6.24E-04;-2.36E-02;-1.12E-01
3;147;-100;09.11.2018;13:16:15;-2.53E-01;-6.46E-04;-2.36E-02;-1.12E-01
3;148;0;09.11.2018;13:16:27;-2.50E-01;-6.58E-04;-2.36E-02;-1.11E-01
3;149;100;09.11.2018;13:16:39;-2.51E-01;-6.42E-04;-2.37E-02;-1.11E-01
3;150;200;09.11.2018;13:16:51;-2.51E-01;-6.61E-04;-2.37E-02;-1.10E-01
3;151;300;09.11.2018;13:17:03;-2.50E-01;-6.52E-04;-2.37E-02;-1.10E-01
3;152;400;09.11.2018;13:17:15;-2.50E-01;-6.78E-04;-2.37E-02;-1.09E-01
3;153;500;09.11.2018;13:17:27;-2.45E-01;-6.69E-04;-2.38E-02;-1.08E-01
3;154;600;09.11.2018;13:17:39;-2.48E-01;-6.86E-04;-2.38E-02;-1.06E-01
3;155;699;09.11.2018;13:17:51;-2.48E-01;-6.96E-04;-2.39E-02;-1.04E-01
3;156;800;09.11.2018;13:18:03;-2.50E-01;-7.06E-04;-2.39E-02;-1.01E-01
3;157;899;09.11.2018;13:18:15;-2.48E-01;-6.88E-04;-2.39E-02;-9.76E-02
3;158;1000;09.11.2018;13:18:27;-2.52E-01;-7.27E-04;-2.40E-02;-9.34E-02
3;159;1100;09.11.2018;13:18:39;-2.52E-01;-7.11E-04;-2.40E-02;-8.88E-02
3;160;1200;09.11.2018;13:18:50;-2.53E-01;-7.29E-04;-2.41E-02;-8.42E-02
3;161;1299;09.11.2018;13:19:02;-2.54E-01;-7.23E-04;-2.41E-02;-7.95E-02
3;162;1399;09.11.2018;13:19:14;-2.55E-01;-7.14E-04;-2.42E-02;-7.51E-02
3;163;1500;09.11.2018;13:19:26;-2.54E-01;-7.04E-04;-2.42E-02;-7.08E-02
3;164;1600;09.11.2018;13:19:38;-2.55E-01;-7.23E-04;-2.43E-02;-6.66E-02
3;165;1700;09.11.2018;13:19:50;-2.56E-01;-7.27E-04;-2.44E-02;-6.25E-02
3;166;1799;09.11.2018;13:20:02;-2.56E-01;-7.55E-04;-2.44E-02;-5.84E-02
3;167;1899;09.11.2018;13:20:14;-2.59E-01;-7.34E-04;-2.45E-02;-5.40E-02
3;168;2000;09.11.2018;13:20:26;-2.62E-01;-7.41E-04;-2.45E-02;-4.96E-02
3;169;2099;09.11.2018;13:20:38;-2.66E-01;-7.64E-04;-2.46E-02;-4.57E-02
3;170;2200;09.11.2018;13:20:50;-2.70E-01;-7.66E-04;-2.46E-02;-4.19E-02
3;171;2299;09.11.2018;13:21:02;-2.80E-01;-8.00E-04;-2.47E-02;-3.81E-02
3;172;2400;09.11.2018;13:21:13;-2.98E-01;-8.35E-04;-2.47E-02;-3.48E-02
3;173;2500;09.11.2018;13:21:25;-3.45E-01;-9.68E-04;-2.48E-02;-3.19E-02
3;174;2599;09.11.2018;13:21:37;-4.09E-01;-1.11E-03;-2.48E-02;-2.93E-02
3;175;2700;09.11.2018;13:21:49;-4.51E-01;-1.24E-03;-2.49E-02;-2.69E-02
3;176;2799;09.11.2018;13:22:01;-4.59E-01;-1.24E-03;-2.49E-02;-2.47E-02
3;177;2900;09.11.2018;13:22:13;-4.99E-01;-1.34E-03;-2.50E-02;-2.26E-02
3;178;3000;09.11.2018;13:22:25;-5.46E-01;-1.49E-03;-2.50E-02;-2.06E-02
3;179;3099;09.11.2018;13:22:37;-5.60E-01;-1.53E-03;-2.51E-02;-1.87E-02
3;180;3200;09.11.2018;13:22:49;-5.62E-01;-1.49E-03;-2.51E-02;-1.68E-02
3;181;3299;09.11.2018;13:23:01;-6.07E-01;-1.61E-03;-2.52E-02;-1.48E-02
3;182;3400;09.11.2018;13:23:13;-6.31E-01;-1.67E-03;-2.53E-02;-1.28E-02
3;183;3500;09.11.2018;13:23:25;-6.36E-01;-1.69E-03;-2.53E-02;-1.06E-02
3;184;3599;09.11.2018;13:23:37;-6.70E-01;-1.78E-03;-2.53E-02;-8.16E-03
3;185;3700;09.11.2018;13:23:48;-6.82E-01;-1.80E-03;-2.54E-02;-5.43E-03
3;186;3799;09.11.2018;13:24:00;-7.01E-01;-1.85E-03;-2.54E-02;-2.83E-03
3;187;3900;09.11.2018;13:24:12;-6.13E-01;-1.61E-03;-2.55E-02;-4.61E-04
3;188;4000;09.11.2018;13:24:24;-5.18E-01;-1.38E-03;-2.55E-02;1.85E-03
3;189;4099;09.11.2018;13:24:36;-4.93E-01;-1.27E-03;-2.55E-02;4.10E-03
3;190;4199;09.11.2018;13:24:48;-4.95E-01;-1.30E-03;-2.56E-02;6.45E-03
3;191;4300;09.11.2018;13:25:00;-4.80E-01;-1.25E-03;-2.56E-02;8.93E-03
3;192;4400;09.11.2018;13:25:12;-4.85E-01;-1.26E-03;-2.57E-02;1.14E-02
3;193;4500;09.11.2018;13:25:24;-5.10E-01;-1.33E-03;-2.57E-02;1.38E-02
3;194;4599;09.11.2018;13:25:36;-4.83E-01;-1.25E-03;-2.57E-02;1.62E-02
3;195;4699;09.11.2018;13:25:48;-4.61E-01;-1.19E-03;-2.57E-02;1.85E-02
3;196;4800;09.11.2018;13:26:00;-5.11E-01;-1.35E-03;-2.58E-02;2.05E-02
3;197;4900;09.11.2018;13:26:12;-6.09E-01;-1.59E-03;-2.58E-02;2.25E-02
3;198;5000;09.11.2018;13:26:23;-7.36E-01;-1.90E-03;-2.58E-02;2.44E-02
4;1;-55500;09.11.2018;13:27:12;-7.56E-01;5.05E-02;-2.59E-02;-4.11E-02
4;2;-55000;09.11.2018;13:27:24;-1.07E+00;4.44E-02;-2.59E-02;-4.74E-02
4;3;-54500;09.11.2018;13:27:36;-4.59E-01;3.55E-02;-2.59E-02;-5.20E-02
4;4;-54000;09.11.2018;13:27:48;-2.94E-01;3.33E-02;-2.59E-02;-5.55E-02
4;5;-53500;09.11.2018;13:28:00;-2.34E-01;3.28E-02;-2.58E-02;-5.84E-02
4;6;-53000;09.11.2018;13:28:13;-2.18E-01;2.97E-02;-2.58E-02;-5.98E-02
4;7;-52500;09.11.2018;13:28:25;-2.04E-01;2.96E-02;-2.58E-02;-6.30E-02
4;8;-52000;09.11.2018;13:28:37;-2.10E-01;3.05E-02;-2.58E-02;-6.59E-02
4;9;-51500;09.11.2018;13:28:49;-2.09E-01;3.17E-02;-2.58E-02;-6.80E-02
4;10;-51000;09.11.2018;13:29:01;-2.12E-01;3.25E-02;-2.58E-02;-6.99E-02
4;11;-50500;09.11.2018;13:29:14;-2.00E-01;3.30E-02;-2.58E-02;-7.19E-02
4;12;-50000;09.11.2018;13:29:27;-1.99E-01;3.33E-02;-2.58E-02;-7.39E-02
4;13;-49500;09.11.2018;13:29:39;-2.06E-01;3.33E-02;-2.58E-02;-7.55E-02
4;14;-49000;09.11.2018;13:29:51;-2.15E-01;3.32E-02;-2.58E-02;-7.71E-02
4;15;-48500;09.11.2018;13:30:03;-2.21E-01;3.28E-02;-2.58E-02;-7.86E-02
4;16;-48000;09.11.2018;13:30:14;-2.23E-01;3.22E-02;-2.58E-02;-7.99E-02
4;17;-47500;09.11.2018;13:30:26;-2.29E-01;3.17E-02;-2.58E-02;-8.12E-02
4;18;-47000;09.11.2018;13:30:38;-2.28E-01;3.12E-02;-2.58E-02;-8.25E-02
4;19;-46500;09.11.2018;13:30:51;-2.34E-01;3.06E-02;-2.59E-02;-8.37E-02
4;20;-46000;09.11.2018;13:31:03;-2.30E-01;3.02E-02;-2.58E-02;-8.48E-02
4;21;-45500;09.11.2018;13:31:15;-2.35E-01;2.98E-02;-2.59E-02;-8.59E-02
4;22;-45000;09.11.2018;13:31:27;-2.30E-01;2.95E-02;-2.59E-02;-8.70E-02
4;23;-44500;09.11.2018;13:31:39;-2.22E-01;2.94E-02;-2.59E-02;-8.79E-02
4;24;-44000;09.11.2018;13:31:51;-2.28E-01;2.92E-02;-2.59E-02;-8.88E-02
4;25;-43500;09.11.2018;13:32:03;-2.35E-01;2.91E-02;-2.60E-02;-8.97E-02
4;26;-43000;09.11.2018;13:32:15;-2.38E-01;2.90E-02;-2.60E-02;-9.04E-02
4;27;-42500;09.11.2018;13:32:27;-2.45E-01;2.90E-02;-2.60E-02;-9.09E-02
4;28;-42000;09.11.2018;13:32:39;-2.46E-01;2.89E-02;-2.60E-02;-9.14E-02
4;29;-41500;09.11.2018;13:32:51;-2.45E-01;2.89E-02;-2.61E-02;-9.20E-02
4;30;-41000;09.11.2018;13:33:02;-2.45E-01;2.88E-02;-2.61E-02;-9.23E-02
4;31;-40500;09.11.2018;13:33:14;-2.51E-01;2.88E-02;-2.62E-02;-9.24E-02
4;32;-40000;09.11.2018;13:33:26;-2.49E-01;2.88E-02;-2.62E-02;-9.27E-02
4;33;-39500;09.11.2018;13:33:39;-2.49E-01;2.88E-02;-2.62E-02;-9.32E-02
4;34;-39000;09.11.2018;13:33:51;-2.52E-01;2.87E-02;-2.63E-02;-9.36E-02
4;35;-38500;09.11.2018;13:34:03;-2.51E-01;2.87E-02;-2.63E-02;-9.40E-02
4;36;-38000;09.11.2018;13:34:15;-2.54E-01;2.87E-02;-2.63E-02;-9.44E-02
4;37;-37500;09.11.2018;13:34:27;-2.52E-01;2.86E-02;-2.63E-02;-9.48E-02
4;38;-37000;09.11.2018;13:34:39;-2.54E-01;2.86E-02;-2.64E-02;-9.52E-02
4;39;-36500;09.11.2018;13:34:51;-2.56E-01;2.85E-02;-2.64E-02;-9.56E-02
4;40;-36000;09.11.2018;13:35:03;-2.55E-01;2.85E-02;-2.64E-02;-9.59E-02
4;41;-35500;09.11.2018;13:35:15;-2.57E-01;2.83E-02;-2.65E-02;-9.63E-02
4;42;-35000;09.11.2018;13:35:27;-2.56E-01;2.83E-02;-2.65E-02;-9.66E-02
4;43;-34500;09.11.2018;13:35:39;-2.57E-01;2.84E-02;-2.66E-02;-9.69E-02
4;44;-34000;09.11.2018;13:35:52;-2.55E-01;2.84E-02;-2.66E-02;-9.75E-02
4;45;-33500;09.11.2018;13:36:03;-2.61E-01;2.83E-02;-2.66E-02;-9.79E-02
4;46;-33000;09.11.2018;13:36:15;-2.57E-01;2.82E-02;-2.67E-02;-9.83E-02
4;47;-32500;09.11.2018;13:36:27;-2.58E-01;2.80E-02;-2.67E-02;-9.87E-02
4;48;-32000;09.11.2018;13:36:39;-2.56E-01;2.79E-02;-2.68E-02;-9.89E-02
4;49;-31500;09.11.2018;13:36:51;-2.49E-01;2.78E-02;-2.68E-02;-9.92E-02
4;50;-31000;09.11.2018;13:37:03;-2.50E-01;2.76E-02;-2.69E-02;-9.94E-02
4;51;-30500;09.11.2018;13:37:15;-2.58E-01;2.74E-02;-2.69E-02;-9.97E-02
4;52;-30000;09.11.2018;13:37:27;-2.56E-01;2.73E-02;-2.69E-02;-9.99E-02
4;53;-29500;09.11.2018;13:37:39;-2.55E-01;2.72E-02;-2.70E-02;-1.00E-01
4;54;-29000;09.11.2018;13:37:51;-2.54E-01;2.72E-02;-2.70E-02;-1.00E-01
4;55;-28500;09.11.2018;13:38:03;-2.56E-01;2.72E-02;-2.71E-02;-1.01E-01
4;56;-28000;09.11.2018;13:38:16;-2.56E-01;2.73E-02;-2.71E-02;-1.01E-01
4;57;-27500;09.11.2018;13:38:28;-2.56E-01;2.73E-02;-2.72E-02;-1.01E-01
4;58;-27000;09.11.2018;13:38:40;-2.55E-01;2.73E-02;-2.72E-02;-1.01E-01
4;59;-26500;09.11.2018;13:38:51;-2.55E-01;2.74E-02;-2.72E-02;-1.01E-01
4;60;-26000;09.11.2018;13:39:03;-2.54E-01;2.74E-02;-2.73E-02;-1.02E-01
4;61;-25500;09.11.2018;13:39:15;-2.54E-01;2.76E-02;-2.73E-02;-1.02E-01
4;62;-25000;09.11.2018;13:39:28;-2.50E-01;2.76E-02;-2.74E-02;-1.02E-01
4;63;-24500;09.11.2018;13:39:40;-2.51E-01;2.75E-02;-2.74E-02;-1.02E-01
4;64;-24000;09.11.2018;13:39:53;-2.50E-01;2.74E-02;-2.74E-02;-1.02E-01
4;65;-23500;09.11.2018;13:40:05;-2.49E-01;2.72E-02;-2.75E-02;-1.02E-01
4;66;-23000;09.11.2018;13:40:17;-2.48E-01;2.71E-02;-2.75E-02;-1.03E-01
4;67;-22500;09.11.2018;13:40:29;-2.51E-01;2.70E-02;-2.75E-02;-1.03E-01
4;68;-22000;09.11.2018;13:40:41;-2.48E-01;2.69E-02;-2.76E-02;-1.03E-01
4;69;-21500;09.11.2018;13:40:54;-2.49E-01;2.68E-02;-2.76E-02;-1.03E-01
4;70;-21000;09.11.2018;13:41:06;-2.45E-01;2.68E-02;-2.77E-02;-1.03E-01
4;71;-20500;09.11.2018;13:41:18;-2.49E-01;2.68E-02;-2.77E-02;-1.03E-01
4;72;-20000;09.11.2018;13:41:30;-2.44E-01;2.68E-02;-2.78E-02;-1.03E-01
4;73;-19500;09.11.2018;13:41:43;-2.48E-01;2.67E-02;-2.78E-02;-1.03E-01
4;74;-19000;09.11.2018;13:41:56;-2.46E-01;2.67E-02;-2.79E-02;-1.03E-01
4;75;-18500;09.11.2018;13:42:08;-2.47E-01;2.67E-02;-2.79E-02;-1.04E-01
4;76;-18000;09.11.2018;13:42:20;-2.48E-01;2.66E-02;-2.80E-02;-1.04E-01
4;77;-17500;09.11.2018;13:42:33;-2.49E-01;2.66E-02;-2.80E-02;-1.04E-01
4;78;-17000;09.11.2018;13:42:45;-2.50E-01;2.66E-02;-2.81E-02;-1.04E-01
4;79;-16500;09.11.2018;13:42:58;-2.49E-01;2.65E-02;-2.81E-02;-1.04E-01
4;80;-16000;09.11.2018;13:43:10;-2.49E-01;2.64E-02;-2.82E-02;-1.04E-01
4;81;-15500;09.11.2018;13:43:22;-2.48E-01;2.64E-02;-2.82E-02;-1.04E-01
4;82;-15000;09.11.2018;13:43:34;-2.48E-01;2.64E-02;-2.83E-02;-1.04E-01
4;83;-14500;09.11.2018;13:43:46;-2.46E-01;2.64E-02;-2.83E-02;-1.04E-01
4;84;-14000;09.11.2018;13:43:58;-2.48E-01;2.64E-02;-2.84E-02;-1.04E-01
4;85;-13500;09.11.2018;13:44:10;-2.50E-01;2.63E-02;-2.84E-02;-1.05E-01
4;86;-13000;09.11.2018;13:44:23;-2.50E-01;2.63E-02;-2.84E-02;-1.05E-01
4;87;-12500;09.11.2018;13:44:35;-2.49E-01;2.62E-02;-2.84E-02;-1.05E-01
4;88;-12000;09.11.2018;13:44:47;-2.50E-01;2.62E-02;-2.85E-02;-1.05E-01
4;89;-11500;09.11.2018;13:45:00;-2.53E-01;2.62E-02;-2.85E-02;-1.05E-01
4;90;-11000;09.11.2018;13:45:13;-2.46E-01;2.63E-02;-2.86E-02;-1.05E-01
4;91;-10500;09.11.2018;13:45:25;-2.48E-01;2.63E-02;-2.86E-02;-1.05E-01
4;92;-10000;09.11.2018;13:45:37;-2.48E-01;2.63E-02;-2.86E-02;-1.05E-01
4;93;-9500;09.11.2018;13:45:49;-2.49E-01;2.62E-02;-2.87E-02;-1.05E-01
4;94;-9000;09.11.2018;13:46:02;-2.47E-01;2.61E-02;-2.87E-02;-1.05E-01
4;95;-8500;09.11.2018;13:46:15;-2.48E-01;2.60E-02;-2.88E-02;-1.05E-01
4;96;-8000;09.11.2018;13:46:27;-2.46E-01;2.60E-02;-2.88E-02;-1.05E-01
4;97;-7500;09.11.2018;13:46:39;-2.46E-01;2.59E-02;-2.88E-02;-1.05E-01
4;98;-7000;09.11.2018;13:46:51;-2.46E-01;2.59E-02;-2.89E-02;-1.05E-01
4;99;-6500;09.11.2018;13:47:03;-2.47E-01;2.61E-02;-2.89E-02;-1.05E-01
4;100;-6000;09.11.2018;13:47:16;-2.47E-01;2.65E-02;-2.90E-02;-1.05E-01
4;101;-5500;09.11.2018;13:47:29;-2.45E-01;2.80E-02;-2.90E-02;-1.05E-01
4;102;-5000;09.11.2018;13:47:42;-2.45E-01;3.03E-02;-2.90E-02;-1.05E-01
4;103;-4500;09.11.2018;13:47:55;-2.46E-01;3.28E-02;-2.91E-02;-1.05E-01
4;104;-4400;09.11.2018;13:48:07;-2.43E-01;3.35E-02;-2.91E-02;-1.06E-01
4;105;-4300;09.11.2018;13:48:18;-2.43E-01;3.44E-02;-2.92E-02;-1.06E-01
4;106;-4199;09.11.2018;13:48:30;-2.42E-01;3.53E-02;-2.92E-02;-1.06E-01
4;107;-4099;09.11.2018;13:48:42;-2.42E-01;3.59E-02;-2.93E-02;-1.06E-01
4;108;-4000;09.11.2018;13:48:54;-2.44E-01;3.58E-02;-2.93E-02;-1.06E-01
4;109;-3900;09.11.2018;13:49:06;-2.40E-01;3.56E-02;-2.93E-02;-1.06E-01
4;110;-3799;09.11.2018;13:49:18;-2.38E-01;3.54E-02;-2.93E-02;-1.06E-01
4;111;-3700;09.11.2018;13:49:30;-2.40E-01;3.50E-02;-2.94E-02;-1.06E-01
4;112;-3599;09.11.2018;13:49:42;-2.40E-01;3.42E-02;-2.94E-02;-1.06E-01
4;113;-3500;09.11.2018;13:49:54;-2.38E-01;3.30E-02;-2.95E-02;-1.06E-01
4;114;-3400;09.11.2018;13:50:06;-2.40E-01;3.14E-02;-2.95E-02;-1.07E-01
4;115;-3299;09.11.2018;13:50:18;-2.38E-01;2.99E-02;-2.96E-02;-1.07E-01
4;116;-3200;09.11.2018;13:50:30;-2.37E-01;2.85E-02;-2.96E-02;-1.07E-01
4;117;-3099;09.11.2018;13:50:42;-2.38E-01;2.68E-02;-2.96E-02;-1.07E-01
4;118;-3000;09.11.2018;13:50:53;-2.38E-01;2.50E-02;-2.97E-02;-1.07E-01
4;119;-2900;09.11.2018;13:51:05;-2.37E-01;2.31E-02;-2.97E-02;-1.07E-01
4;120;-2799;09.11.2018;13:51:17;-2.35E-01;2.11E-02;-2.97E-02;-1.07E-01
4;121;-2700;09.11.2018;13:51:29;-2.33E-01;1.93E-02;-2.98E-02;-1.07E-01
4;122;-2599;09.11.2018;13:51:41;-2.34E-01;1.73E-02;-2.98E-02;-1.07E-01
4;123;-2500;09.11.2018;13:51:53;-2.33E-01;1.56E-02;-2.99E-02;-1.07E-01
4;124;-2400;09.11.2018;13:52:05;-2.31E-01;1.39E-02;-2.99E-02;-1.07E-01
4;125;-2299;09.11.2018;13:52:17;-2.34E-01;1.23E-02;-3.00E-02;-1.07E-01
4;126;-2200;09.11.2018;13:52:29;-2.31E-01;1.08E-02;-3.00E-02;-1.07E-01
4;127;-2099;09.11.2018;13:52:41;-2.29E-01;9.44E-03;-3.00E-02;-1.07E-01
4;128;-2000;09.11.2018;13:52:53;-2.27E-01;8.09E-03;-3.01E-02;-1.07E-01
4;129;-1899;09.11.2018;13:53:05;-2.30E-01;6.79E-03;-3.01E-02;-1.08E-01
4;130;-1799;09.11.2018;13:53:17;-2.29E-01;5.47E-03;-3.01E-02;-1.08E-01
4;131;-1700;09.11.2018;13:53:28;-2.27E-01;4.23E-03;-3.02E-02;-1.08E-01
4;132;-1600;09.11.2018;13:53:40;-2.26E-01;2.94E-03;-3.02E-02;-1.08E-01
4;133;-1500;09.11.2018;13:53:52;-2.24E-01;2.28E-03;-3.03E-02;-1.08E-01
4;134;-1399;09.11.2018;13:54:04;-2.25E-01;1.35E-03;-3.03E-02;-1.08E-01
4;135;-1299;09.11.2018;13:54:16;-2.28E-01;6.07E-04;-3.04E-02;-1.08E-01
4;136;-1200;09.11.2018;13:54:28;-2.27E-01;1.14E-04;-3.04E-02;-1.08E-01
4;137;-1100;09.11.2018;13:54:40;-2.30E-01;-5.00E-05;-3.04E-02;-1.08E-01
4;138;-1000;09.11.2018;13:54:52;-2.30E-01;-1.31E-04;-3.05E-02;-1.08E-01
4;139;-899;09.11.2018;13:55:04;-2.30E-01;-1.97E-04;-3.05E-02;-1.08E-01
4;140;-800;09.11.2018;13:55:16;-2.32E-01;-3.02E-04;-3.06E-02;-1.08E-01
4;141;-699;09.11.2018;13:55:28;-2.31E-01;-3.02E-04;-3.06E-02;-1.08E-01
4;142;-600;09.11.2018;13:55:40;-2.30E-01;-3.59E-04;-3.06E-02;-1.08E-01
4;143;-500;09.11.2018;13:55:52;-2.30E-01;-4.08E-04;-3.07E-02;-1.07E-01
4;144;-400;09.11.2018;13:56:03;-2.29E-01;-4.14E-04;-3.07E-02;-1.07E-01
4;145;-300;09.11.2018;13:56:15;-2.29E-01;-4.56E-04;-3.08E-02;-1.07E-01
4;146;-200;09.11.2018;13:56:27;-2.23E-01;-4.68E-04;-3.08E-02;-1.06E-01
4;147;-100;09.11.2018;13:56:39;-2.26E-01;-4.85E-04;-3.08E-02;-1.06E-01
4;148;0;09.11.2018;13:56:51;-2.25E-01;-5.04E-04;-3.09E-02;-1.05E-01
4;149;100;09.11.2018;13:57:03;-2.25E-01;-5.29E-04;-3.09E-02;-1.05E-01
4;150;200;09.11.2018;13:57:15;-2.23E-01;-5.18E-04;-3.09E-02;-1.04E-01
4;151;300;09.11.2018;13:57:27;-2.22E-01;-5.38E-04;-3.10E-02;-1.04E-01
4;152;400;09.11.2018;13:57:39;-2.22E-01;-5.28E-04;-3.10E-02;-1.03E-01
4;153;500;09.11.2018;13:57:51;-2.22E-01;-5.27E-04;-3.10E-02;-1.02E-01
4;154;600;09.11.2018;13:58:03;-2.20E-01;-5.51E-04;-3.10E-02;-1.01E-01
4;155;699;09.11.2018;13:58:15;-2.21E-01;-5.45E-04;-3.11E-02;-9.99E-02
4;156;800;09.11.2018;13:58:26;-2.22E-01;-5.79E-04;-3.11E-02;-9.77E-02
4;157;899;09.11.2018;13:58:38;-2.22E-01;-5.83E-04;-3.12E-02;-9.48E-02
4;158;1000;09.11.2018;13:58:50;-2.24E-01;-5.92E-04;-3.12E-02;-9.13E-02
4;159;1100;09.11.2018;13:59:02;-2.27E-01;-6.21E-04;-3.12E-02;-8.74E-02
4;160;1200;09.11.2018;13:59:14;-2.25E-01;-6.16E-04;-3.13E-02;-8.32E-02
4;161;1299;09.11.2018;13:59:26;-2.32E-01;-6.33E-04;-3.13E-02;-7.87E-02
4;162;1399;09.11.2018;13:59:38;-2.33E-01;-6.27E-04;-3.14E-02;-7.41E-02
4;163;1500;09.11.2018;13:59:50;-2.37E-01;-6.48E-04;-3.14E-02;-6.94E-02
4;164;1600;09.11.2018;14:00:02;-2.36E-01;-6.39E-04;-3.15E-02;-6.48E-02
4;165;1700;09.11.2018;14:00:14;-2.37E-01;-6.52E-04;-3.16E-02;-6.01E-02
4;166;1799;09.11.2018;14:00:26;-2.39E-01;-6.56E-04;-3.16E-02;-5.55E-02
4;167;1899;09.11.2018;14:00:38;-2.41E-01;-6.61E-04;-3.16E-02;-5.11E-02
4;168;2000;09.11.2018;14:00:50;-2.42E-01;-6.74E-04;-3.17E-02;-4.66E-02
4;169;2099;09.11.2018;14:01:01;-2.44E-01;-6.67E-04;-3.17E-02;-4.16E-02
4;170;2200;09.11.2018;14:01:13;-2.50E-01;-6.73E-04;-3.18E-02;-3.66E-02
4;171;2299;09.11.2018;14:01:25;-2.53E-01;-7.07E-04;-3.19E-02;-3.19E-02
4;172;2400;09.11.2018;14:01:37;-2.54E-01;-6.89E-04;-3.19E-02;-2.76E-02
4;173;2500;09.11.2018;14:01:49;-2.59E-01;-7.00E-04;-3.20E-02;-2.37E-02
4;174;2599;09.11.2018;14:02:01;-2.85E-01;-7.70E-04;-3.20E-02;-2.01E-02
4;175;2700;09.11.2018;14:02:13;-3.54E-01;-9.55E-04;-3.21E-02;-1.67E-02
4;176;2799;09.11.2018;14:02:25;-4.41E-01;-1.16E-03;-3.21E-02;-1.36E-02
4;177;2900;09.11.2018;14:02:37;-4.56E-01;-1.24E-03;-3.22E-02;-1.07E-02
4;178;3000;09.11.2018;14:02:49;-4.46E-01;-1.17E-03;-3.22E-02;-7.69E-03
4;179;3099;09.11.2018;14:03:01;-4.10E-01;-1.09E-03;-3.22E-02;-4.83E-03
4;180;3200;09.11.2018;14:03:13;-3.61E-01;-9.56E-04;-3.23E-02;-2.15E-03
4;181;3299;09.11.2018;14:03:25;-3.31E-01;-8.79E-04;-3.23E-02;4.09E-04
4;182;3400;09.11.2018;14:03:36;-3.24E-01;-8.82E-04;-3.23E-02;2.93E-03
4;183;3500;09.11.2018;14:03:48;-3.22E-01;-8.50E-04;-3.24E-02;5.53E-03
4;184;3599;09.11.2018;14:04:00;-3.08E-01;-8.16E-04;-3.24E-02;7.86E-03
4;185;3700;09.11.2018;14:04:12;-3.05E-01;-8.06E-04;-3.24E-02;1.01E-02
4;186;3799;09.11.2018;14:04:24;-3.24E-01;-8.75E-04;-3.25E-02;1.22E-02
4;187;3900;09.11.2018;14:04:36;-3.31E-01;-8.75E-04;-3.25E-02;1.44E-02
4;188;4000;09.11.2018;14:04:48;-3.71E-01;-9.94E-04;-3.25E-02;1.67E-02
4;189;4099;09.11.2018;14:05:00;-3.84E-01;-1.02E-03;-3.25E-02;1.90E-02
4;190;4199;09.11.2018;14:05:12;-3.65E-01;-9.69E-04;-3.26E-02;2.13E-02
4;191;4300;09.11.2018;14:05:24;-3.47E-01;-9.38E-04;-3.26E-02;2.34E-02
4;192;4400;09.11.2018;14:05:36;-4.37E-01;-1.17E-03;-3.26E-02;2.55E-02
4;193;4500;09.11.2018;14:05:48;-4.44E-01;-1.20E-03;-3.26E-02;2.77E-02
4;194;4599;09.11.2018;14:06:00;-4.47E-01;-1.21E-03;-3.27E-02;3.01E-02
4;195;4699;09.11.2018;14:06:11;-4.59E-01;-1.24E-03;-3.27E-02;3.22E-02
4;196;4800;09.11.2018;14:06:23;-4.41E-01;-1.16E-03;-3.27E-02;3.41E-02
4;197;4900;09.11.2018;14:06:35;-4.34E-01;-1.15E-03;-3.27E-02;3.58E-02
4;198;5000;09.11.2018;14:06:47;-5.51E-01;-1.45E-03;-3.28E-02;3.74E-02
